{
    "Audio": [
        [
            0.606913681082145,
            0.5948393470536405
        ],
        [
            0.46875314263656476,
            0.45443594626300055
        ],
        [
            0.8767125047817789,
            0.8562586843884075
        ],
        [
            0.41231291691721217,
            0.41395699387550566
        ],
        [
            0.49868529912259557,
            0.4930458447431243
        ],
        [
            0.4717313109420231,
            0.4681043328266703
        ],
        [
            0.4088880638572675,
            0.4084746698062019
        ],
        [
            0.0433474864720851,
            0.045695645069260285
        ],
        [
            0.3014080065458999,
            0.29950934180283695
        ],
        [
            0.35905907806930737,
            0.3765091127300116
        ],
        [
            0.4048475265363305,
            0.3944487558942275
        ],
        [
            0.6947234496846766,
            0.6405924589260007
        ],
        [
            0.8222188354551846,
            0.8003261548732691
        ],
        [
            0.12216157861024286,
            0.14037291667544938
        ],
        [
            0.14033740831492578,
            0.16594270986716494
        ],
        [
            0.3140019887148984,
            0.30591669722938725
        ],
        [
            0.3228560121670894,
            0.31338792271894167
        ],
        [
            0.38563250600141386,
            0.3720115012658782
        ],
        [
            0.29556498430191136,
            0.31464109858083605
        ]
    ],
    "Vibro": [
        [
            0.4733833275171765,
            0.4508518857734648
        ],
        [
            0.2677834858533631,
            0.2622038055879703
        ],
        [
            0.7808385353130977,
            0.7718747336740458
        ],
        [
            0.9735900212756532,
            0.9439640227676029
        ],
        [
            0.6245989730914429,
            0.6187257476777362
        ],
        [
            0.6206671115452239,
            0.6280872099303613
        ],
        [
            0.44840790722764684,
            0.46167814379225813
        ],
        [
            0.43365587810087725,
            0.42817962238282653
        ],
        [
            0.014315526401589895,
            0.012940801965792047
        ],
        [
            0.01986068289117333,
            0.019077335780480115
        ],
        [
            0.5250710072217613,
            0.5341600926024375
        ],
        [
            0.512920360411113,
            0.5266611303335049
        ],
        [
            0.8751156108587632,
            0.8439122711337268
        ],
        [
            0.6881112195465602,
            0.6689691170601624
        ],
        [
            0.1787071962927573,
            0.19192493708358746
        ],
        [
            0.18541366738418624,
            0.15193883813824471
        ],
        [
            0.32945949388570395,
            0.32413886540884984
        ],
        [
            0.2822825184645372,
            0.2847491848422072
        ],
        [
            0.3256473239820196,
            0.33883615775203646
        ],
        [
            Infinity,
            Infinity
        ]
    ],
    "Shape": [
        [
            0.5202486559736987,
            0.5315377709136544
        ],
        [
            0.6130522678104403,
            0.6024343657130417
        ],
        [
            0.6227599395123039,
            0.7218638842816322
        ],
        [
            0.6259133386458908,
            0.6348255754365388
        ],
        [
            0.6405383774448604,
            0.656521621030347
        ],
        [
            0.4518099216230127,
            0.4620431641528281
        ],
        [
            0.44165345442627824,
            0.46343368153763403
        ],
        [
            0.15515326138082272,
            0.17251173486547064
        ],
        [
            0.16961445047630805,
            0.16590349300749926
        ],
        [
            0.4168215060130766,
            0.42641558337196034
        ],
        [
            0.7138697770102935,
            0.7895755552722242
        ],
        [
            0.13721509767286746,
            0.1539739205393194
        ],
        [
            0.13269442248232707,
            0.10171734448890597
        ],
        [
            0.24622387724163622,
            0.26235397849873077
        ],
        [
            0.256740596117968,
            0.2541169221412857
        ],
        [
            Infinity,
            Infinity
        ],
        [
            0.3832080885914646,
            0.40239097327567697
        ]
    ]
}