{
    "AudioVisual_01_1.json": [
        100.0,
        0.0,
        0.0,
        100.0
    ],
    "AudioVisual_01_2.json": [
        100.0,
        0.0,
        0.0,
        100.0
    ],
    "AudioVisual_02_1.json": [
        100.0,
        0.0,
        0.0,
        0.0
    ],
    "AudioVisual_03_1.json": [
        100.0,
        0.0,
        0.0,
        53.84615384615385
    ],
    "AudioVisual_03_2.json": [
        100.0,
        0.0,
        0.0,
        30.76923076923077
    ],
    "AudioVisual_04_1.json": [
        0.0,
        0.0,
        0.0,
        0.0
    ],
    "AudioVisual_04_2.json": [
        0.0,
        0.0,
        0.0,
        0.0
    ],
    "AudioVisual_05_1.json": [
        100.0,
        0.0,
        0.0,
        100.0
    ],
    "AudioVisual_05_2.json": [
        100.0,
        0.0,
        0.0,
        100.0
    ],
    "AudioVisual_06_1.json": [
        0.0,
        0.0,
        0.0,
        0.0
    ],
    "AudioVisual_06_2.json": [
        0.0,
        0.0,
        0.0,
        0.0
    ],
    "AudioVisual_07_1.json": [
        100.0,
        0.0,
        0.0,
        100.0
    ],
    "AudioVisual_07_2.json": [
        100.0,
        0.0,
        0.0,
        100.0
    ],
    "AudioVisual_09_1.json": [
        100.0,
        0.0,
        0.0,
        100.0
    ],
    "AudioVisual_09_2.json": [
        100.0,
        0.0,
        0.0,
        100.0
    ],
    "AudioVisual_10_1.json": [
        100.0,
        0.0,
        0.0,
        0.0
    ],
    "AudioVisual_10_2.json": [
        100.0,
        0.0,
        0.0,
        0.0
    ],
    "AudioVisual_11_1.json": [
        100.0,
        0.0,
        0.0,
        100.0
    ],
    "AudioVisual_11_2.json": [
        100.0,
        0.0,
        92.3076923076923,
        100.0
    ],
    "AudioVisual_12_1.json": [
        100.0,
        0.0,
        0.0,
        100.0
    ],
    "AudioVisual_12_2.json": [
        100.0,
        0.0,
        0.0,
        100.0
    ],
    "AudioVisual_14_1.json": [
        100.0,
        0.0,
        0.0,
        100.0
    ],
    "AudioVisual_14_2.json": [
        100.0,
        0.0,
        0.0,
        100.0
    ],
    "AudioVisual_15_1.json": [
        100.0,
        0.0,
        0.0,
        100.0
    ],
    "AudioVisual_15_2.json": [
        100.0,
        0.0,
        0.0,
        100.0
    ],
    "AudioVisual_17_1.json": [
        100.0,
        0.0,
        30.76923076923077,
        100.0
    ],
    "AudioVisual_17_2.json": [
        100.0,
        0.0,
        7.6923076923076925,
        100.0
    ],
    "ShapeVisual_01_1.json": [
        0.0,
        0.0,
        0.0,
        0.0
    ],
    "ShapeVisual_01_2.json": [
        0.0,
        0.0,
        0.0,
        0.0
    ],
    "ShapeVisual_02_2.json": [
        0.0,
        0.0,
        0.0,
        0.0
    ],
    "ShapeVisual_03_1.json": [
        0.0,
        0.0,
        0.0,
        0.0
    ],
    "ShapeVisual_03_2.json": [
        0.0,
        0.0,
        0.0,
        0.0
    ],
    "ShapeVisual_04_1.json": [
        0.0,
        0.0,
        0.0,
        0.0
    ],
    "ShapeVisual_04_2.json": [
        0.0,
        0.0,
        0.0,
        0.0
    ],
    "ShapeVisual_05_1.json": [
        0.0,
        100.0,
        0.0,
        0.0
    ],
    "ShapeVisual_05_2.json": [
        0.0,
        0.0,
        0.0,
        100.0
    ],
    "ShapeVisual_06_2.json": [
        0.0,
        0.0,
        0.0,
        0.0
    ],
    "ShapeVisual_07_2.json": [
        0.0,
        0.0,
        0.0,
        0.0
    ],
    "ShapeVisual_09_1.json": [
        7.142857142857142,
        7.142857142857142,
        21.428571428571427,
        7.142857142857142
    ],
    "ShapeVisual_09_2.json": [
        0.0,
        0.0,
        61.53846153846154,
        0.0
    ],
    "ShapeVisual_10_1.json": [
        0.0,
        0.0,
        0.0,
        0.0
    ],
    "ShapeVisual_10_2.json": [
        0.0,
        0.0,
        0.0,
        0.0
    ],
    "ShapeVisual_11_1.json": [
        15.384615384615385,
        0.0,
        0.0,
        7.6923076923076925
    ],
    "ShapeVisual_11_2.json": [
        0.0,
        0.0,
        0.0,
        0.0
    ],
    "ShapeVisual_12_1.json": [
        23.076923076923077,
        0.0,
        0.0,
        7.6923076923076925
    ],
    "ShapeVisual_12_2.json": [
        0.0,
        100.0,
        100.0,
        0.0
    ],
    "ShapeVisual_14_1.json": [
        23.076923076923077,
        0.0,
        0.0,
        0.0
    ],
    "ShapeVisual_14_2.json": [
        0.0,
        0.0,
        0.0,
        0.0
    ],
    "ShapeVisual_15_1.json": [
        0.0,
        0.0,
        0.0,
        0.0
    ],
    "ShapeVisual_15_2.json": [
        0.0,
        0.0,
        0.0,
        0.0
    ],
    "ShapeVisual_17_1.json": [
        100.0,
        0.0,
        0.0,
        100.0
    ],
    "ShapeVisual_17_2.json": [
        100.0,
        0.0,
        0.0,
        50.0
    ],
    "VibroVisual_01_1.json": [
        100.0,
        0.0,
        0.0,
        100.0
    ],
    "VibroVisual_01_2.json": [
        100.0,
        7.6923076923076925,
        7.6923076923076925,
        100.0
    ],
    "VibroVisual_02_1.json": [
        100.0,
        0.0,
        0.0,
        61.53846153846154
    ],
    "VibroVisual_02_2.json": [
        100.0,
        0.0,
        0.0,
        0.0
    ],
    "VibroVisual_03_1.json": [
        100.0,
        0.0,
        0.0,
        0.0
    ],
    "VibroVisual_03_2.json": [
        100.0,
        0.0,
        0.0,
        0.0
    ],
    "VibroVisual_04_1.json": [
        100.0,
        0.0,
        0.0,
        100.0
    ],
    "VibroVisual_04_2.json": [
        100.0,
        0.0,
        0.0,
        100.0
    ],
    "VibroVisual_05_1.json": [
        100.0,
        0.0,
        0.0,
        100.0
    ],
    "VibroVisual_05_2.json": [
        100.0,
        0.0,
        0.0,
        100.0
    ],
    "VibroVisual_06_1.json": [
        0.0,
        0.0,
        0.0,
        0.0
    ],
    "VibroVisual_06_2.json": [
        100.0,
        0.0,
        0.0,
        100.0
    ],
    "VibroVisual_07_1.json": [
        100.0,
        0.0,
        0.0,
        100.0
    ],
    "VibroVisual_07_2.json": [
        100.0,
        0.0,
        0.0,
        100.0
    ],
    "VibroVisual_09_1.json": [
        100.0,
        30.76923076923077,
        23.076923076923077,
        100.0
    ],
    "VibroVisual_09_2.json": [
        100.0,
        53.84615384615385,
        38.46153846153847,
        100.0
    ],
    "VibroVisual_10_1.json": [
        100.0,
        0.0,
        0.0,
        53.84615384615385
    ],
    "VibroVisual_10_2.json": [
        100.0,
        0.0,
        0.0,
        0.0
    ],
    "VibroVisual_11_1.json": [
        100.0,
        0.0,
        100.0,
        100.0
    ],
    "VibroVisual_11_2.json": [
        100.0,
        100.0,
        100.0,
        100.0
    ],
    "VibroVisual_12_1.json": [
        0.0,
        100.0,
        46.15384615384615,
        0.0
    ],
    "VibroVisual_12_2.json": [
        0.0,
        100.0,
        100.0,
        0.0
    ],
    "VibroVisual_14_1.json": [
        100.0,
        0.0,
        0.0,
        100.0
    ],
    "VibroVisual_14_2.json": [
        100.0,
        0.0,
        0.0,
        100.0
    ],
    "VibroVisual_15_1.json": [
        100.0,
        100.0,
        0.0,
        100.0
    ],
    "VibroVisual_15_2.json": [
        100.0,
        7.6923076923076925,
        0.0,
        53.84615384615385
    ],
    "VibroVisual_17_1.json": [
        100.0,
        0.0,
        0.0,
        100.0
    ],
    "VibroVisual_17_2.json": [
        100.0,
        0.0,
        0.0,
        100.0
    ]
}